shots_per_conc,method,rmse,target
0,linear_recalibration,15.380743972781355,B1
1,no_adaptation,15.389965215583786,B1
2,linear_recalibration,14.601196330567442,B1
5,residual_ridge,14.046726036868488,B1
10,rf_weighted_retraining,11.344421204202195,B1
0,linear_recalibration,24.395424135480816,B5
1,rf_weighted_retraining,22.05834308836336,B5
2,rf_weighted_retraining,20.30703337211084,B5
5,rf_weighted_retraining,16.26447706027761,B5
